rank,city,state,score,air_status,current_aqi,air_observed_at,water_status,active_cws,health_violation_cws,water_without_current_health_violation_pct,climate_status,moisture_pressure,warm_avg_f,warm_precip_in,housing_status,median_year_built,pre_1980_housing_pct,pre_1940_housing_pct,release_date,methodology_version
,Albuquerque,NM,,unavailable,,,unavailable,,,,available,38.5,73.7,5.1,unavailable,,,,2026-09-16,2.0
,Anchorage,AK,,unavailable,,,unavailable,,,,available,16.4,55.4,8.8,unavailable,,,,2026-09-16,2.0
,Atlanta,GA,,unavailable,,,unavailable,,,,available,68.6,75.9,19.8,unavailable,,,,2026-09-16,2.0
,Austin,TX,,unavailable,,,unavailable,,,,unavailable,,,,unavailable,,,,2026-09-16,2.0
,Baltimore,MD,,unavailable,,,unavailable,,,,available,68.5,75.3,20.3,unavailable,,,,2026-09-16,2.0
,Billings,MT,,unavailable,,,unavailable,,,,available,29.3,63.9,8.6,unavailable,,,,2026-09-16,2.0
,Birmingham,AL,,unavailable,,,unavailable,,,,available,77.7,77.6,23.5,unavailable,,,,2026-09-16,2.0
,Boise,ID,,unavailable,,,unavailable,,,,available,28.1,69.4,3.0,unavailable,,,,2026-09-16,2.0
,Boston,MA,,unavailable,,,unavailable,,,,available,51.0,67.8,17.2,unavailable,,,,2026-09-16,2.0
,Buffalo,NY,,unavailable,,,unavailable,,,,available,48.5,66.1,17.3,unavailable,,,,2026-09-16,2.0
,Burlington,VT,,unavailable,,,unavailable,,,,available,52.5,66.3,19.3,unavailable,,,,2026-09-16,2.0
,Charleston,SC,,unavailable,,,unavailable,,,,available,80.4,78.8,23.9,unavailable,,,,2026-09-16,2.0
,Charleston,WV,,unavailable,,,unavailable,,,,available,65.4,71.1,22.2,unavailable,,,,2026-09-16,2.0
,Charlotte,NC,,unavailable,,,unavailable,,,,available,66.5,75.4,19.1,unavailable,,,,2026-09-16,2.0
,Cheyenne,WY,,unavailable,,,unavailable,,,,available,29.5,62.6,9.7,unavailable,,,,2026-09-16,2.0
,Chicago,IL,,unavailable,,,unavailable,,,,unavailable,,,,unavailable,,,,2026-09-16,2.0
,Cleveland,OH,,unavailable,,,unavailable,,,,available,51.5,69.0,16.4,unavailable,,,,2026-09-16,2.0
,Colorado Springs,CO,,unavailable,,,unavailable,,,,available,38.3,66.0,11.7,unavailable,,,,2026-09-16,2.0
,Columbus,OH,,unavailable,,,unavailable,,,,available,61.7,69.8,21.4,unavailable,,,,2026-09-16,2.0
,Dallas,TX,,unavailable,,,unavailable,,,,available,71.2,82.7,15.4,unavailable,,,,2026-09-16,2.0
,Denver,CO,,unavailable,,,unavailable,,,,available,39.5,69.5,9.3,unavailable,,,,2026-09-16,2.0
,Des Moines,IA,,unavailable,,,unavailable,,,,available,62.8,70.1,21.7,unavailable,,,,2026-09-16,2.0
,Detroit,MI,,unavailable,,,unavailable,,,,available,49.6,68.2,16.0,unavailable,,,,2026-09-16,2.0
,El Paso,TX,,unavailable,,,unavailable,,,,available,51.1,80.7,5.9,unavailable,,,,2026-09-16,2.0
,Fargo,ND,,unavailable,,,unavailable,,,,available,43.4,64.6,15.7,unavailable,,,,2026-09-16,2.0
,Grand Rapids,MI,,unavailable,,,unavailable,,,,available,49.5,65.5,18.3,unavailable,,,,2026-09-16,2.0
,Hartford,CT,,unavailable,,,unavailable,,,,available,55.5,69.0,18.6,unavailable,,,,2026-09-16,2.0
,Honolulu,HI,,unavailable,,,unavailable,,,,available,46.9,80.2,4.0,unavailable,,,,2026-09-16,2.0
,Houston,TX,,unavailable,,,unavailable,,,,available,88.0,82.3,25.3,unavailable,,,,2026-09-16,2.0
,Indianapolis,IN,,unavailable,,,unavailable,,,,available,60.2,69.2,21.1,unavailable,,,,2026-09-16,2.0
,Jackson,MS,,unavailable,,,unavailable,,,,available,73.0,79.3,19.3,unavailable,,,,2026-09-16,2.0
,Jacksonville,FL,,unavailable,,,unavailable,,,,available,86.8,81.6,28.8,unavailable,,,,2026-09-16,2.0
,Kansas City,MO,,unavailable,,,unavailable,,,,available,73.0,74.8,23.3,unavailable,,,,2026-09-16,2.0
,Las Vegas,NV,,unavailable,,,unavailable,,,,available,48.6,85.2,0.7,unavailable,,,,2026-09-16,2.0
,Little Rock,AR,,unavailable,,,unavailable,,,,available,66.9,76.8,18.1,unavailable,,,,2026-09-16,2.0
,Los Angeles,CA,,unavailable,,,unavailable,,,,available,26.7,71.4,0.6,unavailable,,,,2026-09-16,2.0
,Louisville,KY,,unavailable,,,unavailable,,,,available,66.6,74.5,20.0,unavailable,,,,2026-09-16,2.0
,Madison,WI,,unavailable,,,unavailable,,,,available,58.7,66.0,23.0,unavailable,,,,2026-09-16,2.0
,Manchester,NH,,unavailable,,,unavailable,,,,available,49.6,65.0,18.8,unavailable,,,,2026-09-16,2.0
,Memphis,TN,,unavailable,,,unavailable,,,,available,73.9,78.6,20.5,unavailable,,,,2026-09-16,2.0
,Miami,FL,,unavailable,,,unavailable,,,,available,86.7,81.5,34.6,unavailable,,,,2026-09-16,2.0
,Milwaukee,WI,,unavailable,,,unavailable,,,,available,51.6,67.1,18.1,unavailable,,,,2026-09-16,2.0
,Minneapolis,MN,,unavailable,,,unavailable,,,,available,57.7,67.0,21.6,unavailable,,,,2026-09-16,2.0
,Nashville,TN,,unavailable,,,unavailable,,,,available,69.6,74.2,21.9,unavailable,,,,2026-09-16,2.0
,New Orleans,LA,,unavailable,,,unavailable,,,,available,86.7,81.6,32.5,unavailable,,,,2026-09-16,2.0
,New York,NY,,unavailable,,,unavailable,,,,available,65.6,71.6,22.0,unavailable,,,,2026-09-16,2.0
,Newark,NJ,,unavailable,,,unavailable,,,,available,66.9,71.5,22.8,unavailable,,,,2026-09-16,2.0
,Oklahoma City,OK,,unavailable,,,unavailable,,,,available,70.3,76.0,20.7,unavailable,,,,2026-09-16,2.0
,Omaha,NE,,unavailable,,,unavailable,,,,available,62.7,71.8,20.2,unavailable,,,,2026-09-16,2.0
,Orlando,FL,,unavailable,,,unavailable,,,,available,87.2,81.9,34.1,unavailable,,,,2026-09-16,2.0
,Philadelphia,PA,,unavailable,,,unavailable,,,,available,72.5,74.3,23.4,unavailable,,,,2026-09-16,2.0
,Phoenix,AZ,,unavailable,,,unavailable,,,,available,59.6,90.5,2.6,unavailable,,,,2026-09-16,2.0
,Pittsburgh,PA,,unavailable,,,unavailable,,,,available,53.0,69.1,17.1,unavailable,,,,2026-09-16,2.0
,Portland,ME,,unavailable,,,unavailable,,,,available,47.7,64.1,18.6,unavailable,,,,2026-09-16,2.0
,Portland,OR,,unavailable,,,unavailable,,,,available,27.8,65.1,6.6,unavailable,,,,2026-09-16,2.0
,Providence,RI,,unavailable,,,unavailable,,,,available,52.7,68.1,17.9,unavailable,,,,2026-09-16,2.0
,Raleigh,NC,,unavailable,,,unavailable,,,,available,75.3,75.5,23.9,unavailable,,,,2026-09-16,2.0
,Reno,NV,,unavailable,,,unavailable,,,,available,26.1,69.8,1.6,unavailable,,,,2026-09-16,2.0
,Richmond,VA,,unavailable,,,unavailable,,,,available,70.3,74.0,22.5,unavailable,,,,2026-09-16,2.0
,Sacramento,CA,,unavailable,,,unavailable,,,,available,32.3,74.2,1.2,unavailable,,,,2026-09-16,2.0
,Salt Lake City,UT,,unavailable,,,unavailable,,,,available,37.5,72.4,5.6,unavailable,,,,2026-09-16,2.0
,San Antonio,TX,,unavailable,,,unavailable,,,,available,71.1,81.1,16.7,unavailable,,,,2026-09-16,2.0
,San Diego,CA,,unavailable,,,unavailable,,,,available,23.5,69.4,0.5,unavailable,,,,2026-09-16,2.0
,San Francisco,CA,,unavailable,,,unavailable,,,,available,10.5,60.5,1.1,unavailable,,,,2026-09-16,2.0
,Seattle,WA,,unavailable,,,unavailable,,,,available,24.4,63.7,6.0,unavailable,,,,2026-09-16,2.0
,Sioux Falls,SD,,unavailable,,,unavailable,,,,available,52.3,67.6,18.0,unavailable,,,,2026-09-16,2.0
,Spokane,WA,,unavailable,,,unavailable,,,,available,21.9,64.1,4.2,unavailable,,,,2026-09-16,2.0
,St. Louis,MO,,unavailable,,,unavailable,,,,available,69.6,75.2,21.0,unavailable,,,,2026-09-16,2.0
,Tampa,FL,,unavailable,,,unavailable,,,,available,88.3,82.6,32.8,unavailable,,,,2026-09-16,2.0
,Tucson,AZ,,unavailable,,,unavailable,,,,available,58.9,84.6,6.8,unavailable,,,,2026-09-16,2.0
,Tulsa,OK,,unavailable,,,unavailable,,,,available,73.9,77.5,21.4,unavailable,,,,2026-09-16,2.0
,Virginia Beach,VA,,unavailable,,,unavailable,,,,available,71.1,73.7,23.2,unavailable,,,,2026-09-16,2.0
,Washington,DC,,unavailable,,,unavailable,,,,available,69.1,74.6,21.3,unavailable,,,,2026-09-16,2.0
,Wichita,KS,,unavailable,,,unavailable,,,,available,69.7,74.6,21.6,unavailable,,,,2026-09-16,2.0
,Wilmington,DE,,unavailable,,,unavailable,,,,available,64.7,69.7,23.2,unavailable,,,,2026-09-16,2.0
